GA,EN_DFA,GA_URL,EN_URL,ISO-3166-1-alpha2
"An Ailgéir ","Algeria","https://www.dfa.ie/ie/taisteal/comhairle-taistil-de-reir-tire/a-z-liosta-na-dtiortha/an-ailgeir/","https://www.dfa.ie/travel/travel-advice/a-z-list-of-countries/algeria/","DZ"
"An Bhrasaíl","Brazil","https://www.dfa.ie/ie/taisteal/comhairle-taistil-de-reir-tire/a-z-liosta-na-dtiortha/an-bhrasail/","https://www.dfa.ie/travel/travel-advice/a-z-list-of-countries/brazil/","BR"
"An Chróit","Croatia","https://www.dfa.ie/ie/taisteal/comhairle-taistil-de-reir-tire/a-z-liosta-na-dtiortha/an-chroit/","https://www.dfa.ie/travel/travel-advice/a-z-list-of-countries/croatia/","HR"
"An Ísiltír","Netherlands","https://www.dfa.ie/ie/taisteal/comhairle-taistil-de-reir-tire/a-z-liosta-na-dtiortha/an-isiltir/","https://www.dfa.ie/travel/travel-advice/a-z-list-of-countries/the-netherlands/","NL"
"An Aetóip","Ethiopia","https://www.dfa.ie/ie/taisteal/comhairle-taistil-de-reir-tire/a-z-liosta-na-dtiortha/an-aetoip/","https://www.dfa.ie/travel/travel-advice/a-z-list-of-countries/ethiopia/","ET"
"An Afganastain","Afghanistan","https://www.dfa.ie/ie/taisteal/comhairle-taistil-de-reir-tire/a-z-liosta-na-dtiortha/an-afganastain/","https://www.dfa.ie/travel/travel-advice/a-z-list-of-countries/afghanistan/","AF"
"An Afraic Theas","South Africa","https://www.dfa.ie/ie/taisteal/comhairle-taistil-de-reir-tire/a-z-liosta-na-dtiortha/an-afraic-theas/","https://www.dfa.ie/travel/travel-advice/a-z-list-of-countries/south-africa/","ZA"
"An Airgintín","Argentina","https://www.dfa.ie/ie/taisteal/comhairle-taistil-de-reir-tire/a-z-liosta-na-dtiortha/an-airgintin/","https://www.dfa.ie/travel/travel-advice/a-z-list-of-countries/argentina/","AR"
"An Airméin","Armenia","https://www.dfa.ie/ie/taisteal/comhairle-taistil-de-reir-tire/a-z-liosta-na-dtiortha/an-airmein/","https://www.dfa.ie/travel/travel-advice/a-z-list-of-countries/armenia/","AM"
"An Albáin","Albania","https://www.dfa.ie/ie/taisteal/comhairle-taistil-de-reir-tire/a-z-liosta-na-dtiortha/an-albain/","https://www.dfa.ie/travel/travel-advice/a-z-list-of-countries/albania/","AL"
"An Araib Shádach","Saudi Arabia","https://www.dfa.ie/ie/taisteal/comhairle-taistil-de-reir-tire/a-z-liosta-na-dtiortha/an-araib-shadach/","https://www.dfa.ie/travel/travel-advice/a-z-list-of-countries/saudi-arabia/","SA"
"An Asarbaiseáin","Azerbaijan","https://www.dfa.ie/ie/taisteal/comhairle-taistil-de-reir-tire/a-z-liosta-na-dtiortha/an-asarbaiseain/","https://www.dfa.ie/travel/travel-advice/a-z-list-of-countries/azerbaijan/","AZ"
"An Astráil","Australia","https://www.dfa.ie/ie/taisteal/comhairle-taistil-de-reir-tire/a-z-liosta-na-dtiortha/an-astrail/","https://www.dfa.ie/travel/travel-advice/a-z-list-of-countries/australia/","AU"
"An Bhanglaidéis","Bangladesh","https://www.dfa.ie/ie/taisteal/comhairle-taistil-de-reir-tire/a-z-liosta-na-dtiortha/an-bhanglaideis/","https://www.dfa.ie/travel/travel-advice/a-z-list-of-countries/bangladesh/","BD"
"An Bhealarúis","Belarus","https://www.dfa.ie/ie/taisteal/comhairle-taistil-de-reir-tire/a-z-liosta-na-dtiortha/an-bhealaruis/","https://www.dfa.ie/travel/travel-advice/a-z-list-of-countries/belarus/","BY"
"An Bheilg","Belgium","https://www.dfa.ie/ie/taisteal/comhairle-taistil-de-reir-tire/a-z-liosta-na-dtiortha/an-bheilg/","https://www.dfa.ie/travel/travel-advice/a-z-list-of-countries/belgium/","BE"
"An Bheilís","Belize","https://www.dfa.ie/ie/taisteal/comhairle-taistil-de-reir-tire/a-z-liosta-na-dtiortha/an-bheilis/","https://www.dfa.ie/travel/travel-advice/a-z-list-of-countries/belize/","BZ"
"An Bhoisnia agus an Heirseagaivéin","Bosnia & Herzegovina","https://www.dfa.ie/ie/taisteal/comhairle-taistil-de-reir-tire/a-z-liosta-na-dtiortha/an-bhoisnia-agus-an-heirseagaivein/","https://www.dfa.ie/travel/travel-advice/a-z-list-of-countries/bosnia-and-herzegovina/","BA"
"An Bholaiv","Bolivia","https://www.dfa.ie/ie/taisteal/comhairle-taistil-de-reir-tire/a-z-liosta-na-dtiortha/an-bholaiv/","https://www.dfa.ie/travel/travel-advice/a-z-list-of-countries/bolivia/","BO"
"An Bhotsuáin","Botswana","https://www.dfa.ie/ie/taisteal/comhairle-taistil-de-reir-tire/a-z-liosta-na-dtiortha/an-bhotsuain/","https://www.dfa.ie/travel/travel-advice/a-z-list-of-countries/botswana/","BW"
"An Bhreatain Mhór","Great Britain","https://www.dfa.ie/ie/taisteal/comhairle-taistil-de-reir-tire/a-z-liosta-na-dtiortha/an-bhreatain-mhor/","https://www.dfa.ie/travel/travel-advice/a-z-list-of-countries/great-britain/","GB"
"An Bhulgáir","Bulgaria","https://www.dfa.ie/ie/taisteal/comhairle-taistil-de-reir-tire/a-z-liosta-na-dtiortha/an-bhulgair/","https://www.dfa.ie/travel/travel-advice/a-z-list-of-countries/bulgaria/","BG"
"An Bhurúin","Burundi","https://www.dfa.ie/ie/taisteal/comhairle-taistil-de-reir-tire/a-z-liosta-na-dtiortha/an-bhuruin/","https://www.dfa.ie/travel/travel-advice/a-z-list-of-countries/burundi/","BI"
"An Bhútáin","Bhutan","https://www.dfa.ie/ie/taisteal/comhairle-taistil-de-reir-tire/a-z-liosta-na-dtiortha/an-bhutain/","https://www.dfa.ie/travel/travel-advice/a-z-list-of-countries/bhutan/","BT"
"An Chambóid","Cambodia","https://www.dfa.ie/ie/taisteal/comhairle-taistil-de-reir-tire/a-z-liosta-na-dtiortha/an-chamboid/","https://www.dfa.ie/travel/travel-advice/a-z-list-of-countries/cambodia/","KH"
"An Chasacstáin","Kazakhstan","https://www.dfa.ie/ie/taisteal/comhairle-taistil-de-reir-tire/a-z-liosta-na-dtiortha/an-chasacstain/","https://www.dfa.ie/travel/travel-advice/a-z-list-of-countries/kazakhstan/","KZ"
"An Chipir","Cyprus","https://www.dfa.ie/ie/taisteal/comhairle-taistil-de-reir-tire/a-z-liosta-na-dtiortha/an-chipir/","https://www.dfa.ie/travel/travel-advice/a-z-list-of-countries/cyprus/","CY"
"An Chirgeastáin","Kyrgyz Republic (Kyrgyzstan)","https://www.dfa.ie/ie/taisteal/comhairle-taistil-de-reir-tire/a-z-liosta-na-dtiortha/an-chirgeastain/","https://www.dfa.ie/travel/travel-advice/a-z-list-of-countries/kyrgyzstan/","KG"
"An Cholóim","Colombia","https://www.dfa.ie/ie/taisteal/comhairle-taistil-de-reir-tire/a-z-liosta-na-dtiortha/an-choloim/","https://www.dfa.ie/travel/travel-advice/a-z-list-of-countries/colombia/","CO"
"An Chéinia","Kenya","https://www.dfa.ie/ie/taisteal/comhairle-taistil-de-reir-tire/a-z-liosta-na-dtiortha/an-cheinia/","https://www.dfa.ie/travel/travel-advice/a-z-list-of-countries/kenya/","KE"
"An Chóiré Theas","Korea, Republic of (South Korea)","https://www.dfa.ie/ie/taisteal/comhairle-taistil-de-reir-tire/a-z-liosta-na-dtiortha/an-choire-theas/","https://www.dfa.ie/travel/travel-advice/a-z-list-of-countries/republic-of-korea/","KR"
"An Chóiré Thuaidh","Korea, Democratic Republic of (North Korea)","https://www.dfa.ie/ie/taisteal/comhairle-taistil-de-reir-tire/a-z-liosta-na-dtiortha/an-choire-thuaidh/","https://www.dfa.ie/travel/travel-advice/a-z-list-of-countries/democratic-republic-of-korea/","KP"
"An Congó","Congo","https://www.dfa.ie/ie/taisteal/comhairle-taistil-de-reir-tire/a-z-liosta-na-dtiortha/an-congo/","https://www.dfa.ie/travel/travel-advice/a-z-list-of-countries/congo/","CG"
"An Cósta Eabhair","Ivory Coast (Cote d'Ivoire)","https://www.dfa.ie/ie/taisteal/comhairle-taistil-de-reir-tire/a-z-liosta-na-dtiortha/an-costa-eabhair/","https://www.dfa.ie/travel/travel-advice/a-z-list-of-countries/ivory-coast/","CI"
"An Danmhairg","Denmark","https://www.dfa.ie/ie/taisteal/comhairle-taistil-de-reir-tire/a-z-liosta-na-dtiortha/an-danmhairg/","https://www.dfa.ie/travel/travel-advice/a-z-list-of-countries/denmark/","DK"
"An Eastóin","Estonia","https://www.dfa.ie/ie/taisteal/comhairle-taistil-de-reir-tire/a-z-liosta-na-dtiortha/an-eastoin/","https://www.dfa.ie/travel/travel-advice/a-z-list-of-countries/estonia/","EE"
"An Eilvéis","Switzerland","https://www.dfa.ie/ie/taisteal/comhairle-taistil-de-reir-tire/a-z-liosta-na-dtiortha/an-eilveis/","https://www.dfa.ie/travel/travel-advice/a-z-list-of-countries/switzerland/","CH"
"An Eiritré","Eritrea","https://www.dfa.ie/ie/taisteal/comhairle-taistil-de-reir-tire/a-z-liosta-na-dtiortha/an-eiritre/","https://www.dfa.ie/travel/travel-advice/a-z-list-of-countries/eritrea/","ER"
"An Fhionlainn","Finland","https://www.dfa.ie/ie/taisteal/comhairle-taistil-de-reir-tire/a-z-liosta-na-dtiortha/an-fhionlainn/","https://www.dfa.ie/travel/travel-advice/a-z-list-of-countries/finland/","FI"
"An Fhrainc","France","https://www.dfa.ie/ie/taisteal/comhairle-taistil-de-reir-tire/a-z-liosta-na-dtiortha/an-fhrainc/","https://www.dfa.ie/travel/travel-advice/a-z-list-of-countries/france/","FR"
"An Ghabúin","Gabon","https://www.dfa.ie/ie/taisteal/comhairle-taistil-de-reir-tire/a-z-liosta-na-dtiortha/an-ghabuin/","https://www.dfa.ie/travel/travel-advice/a-z-list-of-countries/gabon/","GA"
"An Ghaimbia","Gambia, Republic of The","https://www.dfa.ie/ie/taisteal/comhairle-taistil-de-reir-tire/a-z-liosta-na-dtiortha/an-ghaimbia/","https://www.dfa.ie/travel/travel-advice/a-z-list-of-countries/republic-of-the-gambia/","GM"
"An Ghearmáin","Germany","https://www.dfa.ie/ie/taisteal/comhairle-taistil-de-reir-tire/a-z-liosta-na-dtiortha/an-ghearmain/","https://www.dfa.ie/travel/travel-advice/a-z-list-of-countries/germany/","DE"
"An Ghréig","Greece","https://www.dfa.ie/ie/taisteal/comhairle-taistil-de-reir-tire/a-z-liosta-na-dtiortha/an-ghreig/","https://www.dfa.ie/travel/travel-advice/a-z-list-of-countries/greece/","GR"
"An Ghuine","Guinea","https://www.dfa.ie/ie/taisteal/comhairle-taistil-de-reir-tire/a-z-liosta-na-dtiortha/an-ghuine/","https://www.dfa.ie/travel/travel-advice/a-z-list-of-countries/guinea/","GN"
"An Ghuine Mheánchiorclach","Equatorial Guinea","https://www.dfa.ie/ie/taisteal/comhairle-taistil-de-reir-tire/a-z-liosta-na-dtiortha/an-ghuine-mheanchiorclach/","https://www.dfa.ie/travel/travel-advice/a-z-list-of-countries/equatorial-guinea/","GQ"
"An Ghuáin","Guyana","https://www.dfa.ie/ie/taisteal/comhairle-taistil-de-reir-tire/a-z-liosta-na-dtiortha/an-ghuain/","https://www.dfa.ie/travel/travel-advice/a-z-list-of-countries/guyana/","GY"
"An Iaráic","Iraq","https://www.dfa.ie/ie/taisteal/comhairle-taistil-de-reir-tire/a-z-liosta-na-dtiortha/an-iaraic/","https://www.dfa.ie/travel/travel-advice/a-z-list-of-countries/iraq/","IQ"
"An Iaráin","Iran","https://www.dfa.ie/ie/taisteal/comhairle-taistil-de-reir-tire/a-z-liosta-na-dtiortha/an-iarain/","https://www.dfa.ie/travel/travel-advice/a-z-list-of-countries/iran/","IR"
"An India","India","https://www.dfa.ie/ie/taisteal/comhairle-taistil-de-reir-tire/a-z-liosta-na-dtiortha/an-india/","https://www.dfa.ie/travel/travel-advice/a-z-list-of-countries/india/","IN"
"An Indinéis","Indonesia","https://www.dfa.ie/ie/taisteal/comhairle-taistil-de-reir-tire/a-z-liosta-na-dtiortha/an-indineis/","https://www.dfa.ie/travel/travel-advice/a-z-list-of-countries/indonesia/","ID"
"An Iodáil","Italy","https://www.dfa.ie/ie/taisteal/comhairle-taistil-de-reir-tire/a-z-liosta-na-dtiortha/an-iodail/","https://www.dfa.ie/travel/travel-advice/a-z-list-of-countries/italy/","IT"
"An Iordáin","Jordan","https://www.dfa.ie/ie/taisteal/comhairle-taistil-de-reir-tire/a-z-liosta-na-dtiortha/an-iordain/","https://www.dfa.ie/travel/travel-advice/a-z-list-of-countries/jordan/","JO"
"An Iorua","Norway","https://www.dfa.ie/ie/taisteal/comhairle-taistil-de-reir-tire/a-z-liosta-na-dtiortha/an-iorua/","https://www.dfa.ie/travel/travel-advice/a-z-list-of-countries/norway/","NO"
"An Laitvia","Latvia","https://www.dfa.ie/ie/taisteal/comhairle-taistil-de-reir-tire/a-z-liosta-na-dtiortha/an-laitvia/","https://www.dfa.ie/travel/travel-advice/a-z-list-of-countries/latvia/","LV"
"An Libia","Libya","https://www.dfa.ie/ie/taisteal/comhairle-taistil-de-reir-tire/a-z-liosta-na-dtiortha/an-libia/","https://www.dfa.ie/travel/travel-advice/a-z-list-of-countries/libya/","LY"
"An Libéir","Liberia","https://www.dfa.ie/ie/taisteal/comhairle-taistil-de-reir-tire/a-z-liosta-na-dtiortha/an-libeir/","https://www.dfa.ie/travel/travel-advice/a-z-list-of-countries/liberia/","LR"
"An Liobáin","Lebanon","https://www.dfa.ie/ie/taisteal/comhairle-taistil-de-reir-tire/a-z-liosta-na-dtiortha/an-liobain/","https://www.dfa.ie/travel/travel-advice/a-z-list-of-countries/lebanon/","LB"
"An Liotuáin","Lithuania","https://www.dfa.ie/ie/taisteal/comhairle-taistil-de-reir-tire/a-z-liosta-na-dtiortha/an-liotuain/","https://www.dfa.ie/travel/travel-advice/a-z-list-of-countries/lithuania/","LT"
"An Mhalaeisia","Malaysia","https://www.dfa.ie/ie/taisteal/comhairle-taistil-de-reir-tire/a-z-liosta-na-dtiortha/an-mhalaeisia/","https://www.dfa.ie/travel/travel-advice/a-z-list-of-countries/malaysia/","MY"
"An Mhaláiv","Malawi","https://www.dfa.ie/ie/taisteal/comhairle-taistil-de-reir-tire/a-z-liosta-na-dtiortha/an-mhalaiv/","https://www.dfa.ie/travel/travel-advice/a-z-list-of-countries/malawi/","MW"
"an Mholdóiv","Moldova, Republic of","https://www.dfa.ie/ie/taisteal/comhairle-taistil-de-reir-tire/a-z-liosta-na-dtiortha/an-mholdoiv/","https://www.dfa.ie/travel/travel-advice/a-z-list-of-countries/moldova/","MD"
"An Mhongóil","Mongolia","https://www.dfa.ie/ie/taisteal/comhairle-taistil-de-reir-tire/a-z-liosta-na-dtiortha/an-mhongoil/","https://www.dfa.ie/travel/travel-advice/a-z-list-of-countries/mongolia/","MN"
"An Mháratáin","Mauritania","https://www.dfa.ie/ie/taisteal/comhairle-taistil-de-reir-tire/a-z-liosta-na-dtiortha/an-mharatain/","https://www.dfa.ie/travel/travel-advice/a-z-list-of-countries/mauritania/","MR"
"An Namaib","Namibia","https://www.dfa.ie/ie/taisteal/comhairle-taistil-de-reir-tire/a-z-liosta-na-dtiortha/an-namaib/","https://www.dfa.ie/travel/travel-advice/a-z-list-of-countries/namibia/","NA"
"An Nigéir","Nigeria","https://www.dfa.ie/ie/taisteal/comhairle-taistil-de-reir-tire/a-z-liosta-na-dtiortha/an-nigeir/","https://www.dfa.ie/travel/travel-advice/a-z-list-of-countries/nigeria/","NE"
"An Nua-Shéalainn","New Zealand","https://www.dfa.ie/ie/taisteal/comhairle-taistil-de-reir-tire/a-z-liosta-na-dtiortha/an-nua-shealainn/","https://www.dfa.ie/travel/travel-advice/a-z-list-of-countries/new-zealand/","NZ"
"An Ostair","Austria","https://www.dfa.ie/ie/taisteal/comhairle-taistil-de-reir-tire/a-z-liosta-na-dtiortha/an-ostair/","https://www.dfa.ie/travel/travel-advice/a-z-list-of-countries/austria/","AT"
"An Phacastáin","Pakistan","https://www.dfa.ie/ie/taisteal/comhairle-taistil-de-reir-tire/a-z-liosta-na-dtiortha/an-phacastain/","https://www.dfa.ie/travel/travel-advice/a-z-list-of-countries/pakistan/","PK"
"An Phoblacht Dhoiminiceach","Dominican Republic","https://www.dfa.ie/ie/taisteal/comhairle-taistil-de-reir-tire/a-z-liosta-na-dtiortha/an-phoblacht-dhoiminiceach/","https://www.dfa.ie/travel/travel-advice/a-z-list-of-countries/dominican-republic/","DO"
"An Pholainn","Poland","https://www.dfa.ie/ie/taisteal/comhairle-taistil-de-reir-tire/a-z-liosta-na-dtiortha/an-pholainn/","https://www.dfa.ie/travel/travel-advice/a-z-list-of-countries/poland/","PL"
"An Phortaingéil","Portugal","https://www.dfa.ie/ie/taisteal/comhairle-taistil-de-reir-tire/a-z-liosta-na-dtiortha/an-phortaingeil/","https://www.dfa.ie/travel/travel-advice/a-z-list-of-countries/portugal/","PT"
"An Rómáin","Romania","https://www.dfa.ie/ie/taisteal/comhairle-taistil-de-reir-tire/a-z-liosta-na-dtiortha/an-romain/","https://www.dfa.ie/travel/travel-advice/a-z-list-of-countries/romania/","RO"
"An Spáinn","Spain","https://www.dfa.ie/ie/taisteal/comhairle-taistil-de-reir-tire/a-z-liosta-na-dtiortha/an-spainn/","https://www.dfa.ie/travel/travel-advice/a-z-list-of-countries/spain/","ES"
"An Tansáin","Tanzania","https://www.dfa.ie/ie/taisteal/comhairle-taistil-de-reir-tire/a-z-liosta-na-dtiortha/an-tansain/","https://www.dfa.ie/travel/travel-advice/a-z-list-of-countries/tanzania/","TZ"
"An tSaimbia","Zambia","https://www.dfa.ie/ie/taisteal/comhairle-taistil-de-reir-tire/a-z-liosta-na-dtiortha/an-tsaimbia/","https://www.dfa.ie/travel/travel-advice/a-z-list-of-countries/zambia/","ZM"
"An tSalvadóir","El Salvador","https://www.dfa.ie/ie/taisteal/comhairle-taistil-de-reir-tire/a-z-liosta-na-dtiortha/an-tsalvadoir/","https://www.dfa.ie/travel/travel-advice/a-z-list-of-countries/el-salvador/","SV"
"An tSeapáin","Japan","https://www.dfa.ie/ie/taisteal/comhairle-taistil-de-reir-tire/a-z-liosta-na-dtiortha/an-tseapain/","https://www.dfa.ie/travel/travel-advice/a-z-list-of-countries/japan/","JP"
"An tSeineagáil","Senegal","https://www.dfa.ie/ie/taisteal/comhairle-taistil-de-reir-tire/a-z-liosta-na-dtiortha/an-tseineagail/","https://www.dfa.ie/travel/travel-advice/a-z-list-of-countries/senegal/","SN"
"An tSeirbia","Serbia","https://www.dfa.ie/ie/taisteal/comhairle-taistil-de-reir-tire/a-z-liosta-na-dtiortha/an-tseirbia/","https://www.dfa.ie/travel/travel-advice/a-z-list-of-countries/serbia/","RS"
"An tSeoirsia","Georgia","https://www.dfa.ie/ie/taisteal/comhairle-taistil-de-reir-tire/a-z-liosta-na-dtiortha/an-tseoirsia/","https://www.dfa.ie/travel/travel-advice/a-z-list-of-countries/georgia/","GE"
"An tSile","Chile","https://www.dfa.ie/ie/taisteal/comhairle-taistil-de-reir-tire/a-z-liosta-na-dtiortha/an-tsile/","https://www.dfa.ie/travel/travel-advice/a-z-list-of-countries/chile/","CL"
"An tSiombáib","Zimbabwe","https://www.dfa.ie/ie/taisteal/comhairle-taistil-de-reir-tire/a-z-liosta-na-dtiortha/an-tsiombaib/","https://www.dfa.ie/travel/travel-advice/a-z-list-of-countries/zimbabwe/","ZW"
"An tSiria","Syria","https://www.dfa.ie/ie/taisteal/comhairle-taistil-de-reir-tire/a-z-liosta-na-dtiortha/an-tsiria/","https://www.dfa.ie/travel/travel-advice/a-z-list-of-countries/syria/","SY"
"An tSlóivéin","Slovenia","https://www.dfa.ie/ie/taisteal/comhairle-taistil-de-reir-tire/a-z-liosta-na-dtiortha/an-tsloivein/","https://www.dfa.ie/travel/travel-advice/a-z-list-of-countries/slovenia/","SI"
"An tSlóvaic","Slovak Republic (Slovakia)","https://www.dfa.ie/ie/taisteal/comhairle-taistil-de-reir-tire/a-z-liosta-na-dtiortha/an-tslovaic/","https://www.dfa.ie/travel/travel-advice/a-z-list-of-countries/slovakia/","SK"
"An tSomáil","Somalia","https://www.dfa.ie/ie/taisteal/comhairle-taistil-de-reir-tire/a-z-liosta-na-dtiortha/an-tsomail/","https://www.dfa.ie/travel/travel-advice/a-z-list-of-countries/somalia/","SO"
"An tSualainn","Sweden","https://www.dfa.ie/ie/taisteal/comhairle-taistil-de-reir-tire/a-z-liosta-na-dtiortha/an-tsualainn/","https://www.dfa.ie/travel/travel-advice/a-z-list-of-countries/sweden/","SE"
"An tSuasalainn","Eswatini","https://www.dfa.ie/ie/taisteal/comhairle-taistil-de-reir-tire/a-z-liosta-na-dtiortha/an-tsuasalainn/","https://www.dfa.ie/travel/travel-advice/a-z-list-of-countries/eswatini/","SZ"
"An tSúdáin","Sudan","https://www.dfa.ie/ie/taisteal/comhairle-taistil-de-reir-tire/a-z-liosta-na-dtiortha/an-tsudain/","https://www.dfa.ie/travel/travel-advice/a-z-list-of-countries/sudan/","SD"
"An tSúdáin Theas","South Sudan","https://www.dfa.ie/ie/taisteal/comhairle-taistil-de-reir-tire/a-z-liosta-na-dtiortha/an-tsudain-theas/","https://www.dfa.ie/travel/travel-advice/a-z-list-of-countries/south-sudan/","SS"
"An Tuirc","Turkey","https://www.dfa.ie/ie/taisteal/comhairle-taistil-de-reir-tire/a-z-liosta-na-dtiortha/an-tuirc/","https://www.dfa.ie/travel/travel-advice/a-z-list-of-countries/turkey/","TR"
"An Tuircméanastáin","Turkmenistan","https://www.dfa.ie/ie/taisteal/comhairle-taistil-de-reir-tire/a-z-liosta-na-dtiortha/an-tuircmeanastain/","https://www.dfa.ie/travel/travel-advice/a-z-list-of-countries/turkmenistan/","TM"
"An Táidsíceastáin","Tajikistan","https://www.dfa.ie/ie/taisteal/comhairle-taistil-de-reir-tire/a-z-liosta-na-dtiortha/an-taidsiceastain/","https://www.dfa.ie/travel/travel-advice/a-z-list-of-countries/tajikistan/","TJ"
"An Téalainn","Thailand","https://www.dfa.ie/ie/taisteal/comhairle-taistil-de-reir-tire/a-z-liosta-na-dtiortha/an-tealainn/","https://www.dfa.ie/travel/travel-advice/a-z-list-of-countries/thailand/","TH"
"An Túinéis","Tunisia","https://www.dfa.ie/ie/taisteal/comhairle-taistil-de-reir-tire/a-z-liosta-na-dtiortha/an-tuineis/","https://www.dfa.ie/travel/travel-advice/a-z-list-of-countries/tunisia/","TN"
"An Ungáir","Hungary","https://www.dfa.ie/ie/taisteal/comhairle-taistil-de-reir-tire/a-z-liosta-na-dtiortha/an-ungair/","https://www.dfa.ie/travel/travel-advice/a-z-list-of-countries/hungary/","HU"
"An Éigipt","Egypt","https://www.dfa.ie/ie/taisteal/comhairle-taistil-de-reir-tire/a-z-liosta-na-dtiortha/an-eigipt/","https://www.dfa.ie/travel/travel-advice/a-z-list-of-countries/egypt/","EG"
"An Íoslainn","Iceland","https://www.dfa.ie/ie/taisteal/comhairle-taistil-de-reir-tire/a-z-liosta-na-dtiortha/an-ioslainn/","https://www.dfa.ie/travel/travel-advice/a-z-list-of-countries/iceland/","IS"
"An Úcráin","Ukraine","https://www.dfa.ie/ie/taisteal/comhairle-taistil-de-reir-tire/a-z-liosta-na-dtiortha/an-ucrain/","https://www.dfa.ie/travel/travel-advice/a-z-list-of-countries/ukraine/","UA"
"An Úisbéiceastáin","Uzbekistan","https://www.dfa.ie/ie/taisteal/comhairle-taistil-de-reir-tire/a-z-liosta-na-dtiortha/an-uisbeiceastain/","https://www.dfa.ie/travel/travel-advice/a-z-list-of-countries/uzbekistan/","UZ"
"Andóra","Andorra","https://www.dfa.ie/ie/taisteal/comhairle-taistil-de-reir-tire/a-z-liosta-na-dtiortha/andora/","https://www.dfa.ie/travel/travel-advice/a-z-list-of-countries/andorra/","AD"
"Angaíle","Anguilla","https://www.dfa.ie/ie/taisteal/comhairle-taistil-de-reir-tire/a-z-liosta-na-dtiortha/angaile/","https://www.dfa.ie/travel/travel-advice/a-z-list-of-countries/anguilla/","AI"
"Angóla","Angola","https://www.dfa.ie/ie/taisteal/comhairle-taistil-de-reir-tire/a-z-liosta-na-dtiortha/angola/","https://www.dfa.ie/travel/travel-advice/a-z-list-of-countries/angola/","AO"
"Antigua & Barbúda","Antigua & Barbuda","https://www.dfa.ie/ie/taisteal/comhairle-taistil-de-reir-tire/a-z-liosta-na-dtiortha/antigua-barbuda/","https://www.dfa.ie/travel/travel-advice/a-z-list-of-countries/antigua-and-barbuda/","AG"
"Aontas na nÉimíríochtaí Arabacha","United Arab Emirates","https://www.dfa.ie/ie/taisteal/comhairle-taistil-de-reir-tire/a-z-liosta-na-dtiortha/aontas-na-neimiriochtai-arabacha/","https://www.dfa.ie/travel/travel-advice/a-z-list-of-countries/united-arab-emirates/","AE"
"Bairéin","Bahrain","https://www.dfa.ie/ie/taisteal/comhairle-taistil-de-reir-tire/a-z-liosta-na-dtiortha/bairein/","https://www.dfa.ie/travel/travel-advice/a-z-list-of-countries/bahrain/","BH"
"Barbadós","Barbados","https://www.dfa.ie/ie/taisteal/comhairle-taistil-de-reir-tire/a-z-liosta-na-dtiortha/barbados/","https://www.dfa.ie/travel/travel-advice/a-z-list-of-countries/barbados/","BB"
"Beinin","Benin","https://www.dfa.ie/ie/taisteal/comhairle-taistil-de-reir-tire/a-z-liosta-na-dtiortha/beinin/","https://www.dfa.ie/travel/travel-advice/a-z-list-of-countries/benin/","BJ"
"Beirmiúda","Bermuda","https://www.dfa.ie/ie/taisteal/comhairle-taistil-de-reir-tire/a-z-liosta-na-dtiortha/beirmiuda/","https://www.dfa.ie/travel/travel-advice/a-z-list-of-countries/bermuda/","BM"
"Brúiné Darasalám","Brunei Darussalam","https://www.dfa.ie/ie/taisteal/comhairle-taistil-de-reir-tire/a-z-liosta-na-dtiortha/bruine-darasalam/","https://www.dfa.ie/travel/travel-advice/a-z-list-of-countries/brunei-darussalam/","BN"
"Buircíne Fasó","Burkina Faso","https://www.dfa.ie/ie/taisteal/comhairle-taistil-de-reir-tire/a-z-liosta-na-dtiortha/buircine-faso/","https://www.dfa.ie/travel/travel-advice/a-z-list-of-countries/burkina-faso/","BF"
"Camarún","Cameroon","https://www.dfa.ie/ie/taisteal/comhairle-taistil-de-reir-tire/a-z-liosta-na-dtiortha/camarun/","https://www.dfa.ie/travel/travel-advice/a-z-list-of-countries/cameroon/","CM"
"Catar","Qatar","https://www.dfa.ie/ie/taisteal/comhairle-taistil-de-reir-tire/a-z-liosta-na-dtiortha/catar/","https://www.dfa.ie/travel/travel-advice/a-z-list-of-countries/qatar/","QA"
"Ceanada","Canada","https://www.dfa.ie/ie/taisteal/comhairle-taistil-de-reir-tire/a-z-liosta-na-dtiortha/ceanada/","https://www.dfa.ie/travel/travel-advice/a-z-list-of-countries/canada/","CA"
"Cuáit","Kuwait","https://www.dfa.ie/ie/taisteal/comhairle-taistil-de-reir-tire/a-z-liosta-na-dtiortha/cuait/","https://www.dfa.ie/travel/travel-advice/a-z-list-of-countries/kuwait/","KW"
"Cónaidhm na Rúise","Russian Federation","https://www.dfa.ie/ie/taisteal/comhairle-taistil-de-reir-tire/a-z-liosta-na-dtiortha/conaidhm-na-ruise/","https://www.dfa.ie/travel/travel-advice/a-z-list-of-countries/russian-federation/","RU"
"Cósta Ríce","Costa Rica","https://www.dfa.ie/ie/taisteal/comhairle-taistil-de-reir-tire/a-z-liosta-na-dtiortha/costa-rice/","https://www.dfa.ie/travel/travel-advice/a-z-list-of-countries/costa-rica/","CR"
"Cúba","Cuba","https://www.dfa.ie/ie/taisteal/comhairle-taistil-de-reir-tire/a-z-liosta-na-dtiortha/cuba/","https://www.dfa.ie/travel/travel-advice/a-z-list-of-countries/cuba/","CU"
"Djibouti","Djibouti","https://www.dfa.ie/ie/taisteal/comhairle-taistil-de-reir-tire/a-z-liosta-na-dtiortha/djibouti/","https://www.dfa.ie/travel/travel-advice/a-z-list-of-countries/djibouti/","DJ"
"Doiminice","Dominica","https://www.dfa.ie/ie/taisteal/comhairle-taistil-de-reir-tire/a-z-liosta-na-dtiortha/doiminice/","https://www.dfa.ie/travel/travel-advice/a-z-list-of-countries/dominica/","DM"
"Eacuadór","Ecuador","https://www.dfa.ie/ie/taisteal/comhairle-taistil-de-reir-tire/a-z-liosta-na-dtiortha/eacuador/","https://www.dfa.ie/travel/travel-advice/a-z-list-of-countries/ecuador/","EC"
"Fidsí","Fiji","https://www.dfa.ie/ie/taisteal/comhairle-taistil-de-reir-tire/a-z-liosta-na-dtiortha/fidsi/","https://www.dfa.ie/travel/travel-advice/a-z-list-of-countries/fiji/","FJ"
"Greanáda","Grenada","https://www.dfa.ie/ie/taisteal/comhairle-taistil-de-reir-tire/a-z-liosta-na-dtiortha/greanada/","https://www.dfa.ie/travel/travel-advice/a-z-list-of-countries/grenada/","GD"
"Guadalúip","Guadeloupe","https://www.dfa.ie/ie/taisteal/comhairle-taistil-de-reir-tire/a-z-liosta-na-dtiortha/guadaluip/","https://www.dfa.ie/travel/travel-advice/a-z-list-of-countries/guadaloupe/","GP"
"Guatamala","Guatemala","https://www.dfa.ie/ie/taisteal/comhairle-taistil-de-reir-tire/a-z-liosta-na-dtiortha/guatamala/","https://www.dfa.ie/travel/travel-advice/a-z-list-of-countries/guatemala/","GT"
"Guine Bissau","Guinea-Bissau","https://www.dfa.ie/ie/taisteal/comhairle-taistil-de-reir-tire/a-z-liosta-na-dtiortha/guine-bissau/","https://www.dfa.ie/travel/travel-advice/a-z-list-of-countries/guinea-bissau/","GW"
"Guáin na Fraince","French Guiana","https://www.dfa.ie/ie/taisteal/comhairle-taistil-de-reir-tire/a-z-liosta-na-dtiortha/guain-na-fraince/","https://www.dfa.ie/travel/travel-advice/a-z-list-of-countries/french-guiana/","GF"
"Gána","Ghana","https://www.dfa.ie/ie/taisteal/comhairle-taistil-de-reir-tire/a-z-liosta-na-dtiortha/gana/","https://www.dfa.ie/travel/travel-advice/a-z-list-of-countries/ghana/","GH"
"Hondúras","Honduras","https://www.dfa.ie/ie/taisteal/comhairle-taistil-de-reir-tire/a-z-liosta-na-dtiortha/honduras/","https://www.dfa.ie/travel/travel-advice/a-z-list-of-countries/honduras/","HN"
"Háítí ","Haiti","https://www.dfa.ie/ie/taisteal/comhairle-taistil-de-reir-tire/a-z-liosta-na-dtiortha/haiti/","https://www.dfa.ie/travel/travel-advice/a-z-list-of-countries/haiti/","HT"
"Iamáice","Jamaica","https://www.dfa.ie/ie/taisteal/comhairle-taistil-de-reir-tire/a-z-liosta-na-dtiortha/iamaice/","https://www.dfa.ie/travel/travel-advice/a-z-list-of-countries/jamaica/","JM"
"Iosrael agus na Críocha faoi Fhorghabháil","Israel and the Occupied Territories","https://www.dfa.ie/ie/taisteal/comhairle-taistil-de-reir-tire/a-z-liosta-na-dtiortha/iosrael-agus-na-criocha-faoi-fhorghabhail/","https://www.dfa.ie/travel/travel-advice/a-z-list-of-countries/israel-and-the-occupied-territories/","IL"
"La Réunion","Reunion","https://www.dfa.ie/ie/taisteal/comhairle-taistil-de-reir-tire/a-z-liosta-na-dtiortha/la-reunion/","https://www.dfa.ie/travel/travel-advice/a-z-list-of-countries/reunion/","RE"
"Laos","Laos","https://www.dfa.ie/ie/taisteal/comhairle-taistil-de-reir-tire/a-z-liosta-na-dtiortha/laos/","https://www.dfa.ie/travel/travel-advice/a-z-list-of-countries/laos/","LA"
"Leosóta","Lesotho","https://www.dfa.ie/ie/taisteal/comhairle-taistil-de-reir-tire/a-z-liosta-na-dtiortha/leosota/","https://www.dfa.ie/travel/travel-advice/a-z-list-of-countries/lesotho/","LS"
"Lichtinstéin","Liechtenstein","https://www.dfa.ie/ie/taisteal/comhairle-taistil-de-reir-tire/a-z-liosta-na-dtiortha/lichtinstein/","https://www.dfa.ie/travel/travel-advice/a-z-list-of-countries/liechtenstein/","LI"
"Lucsamburg","Luxembourg","https://www.dfa.ie/ie/taisteal/comhairle-taistil-de-reir-tire/a-z-liosta-na-dtiortha/lucsamburg/","https://www.dfa.ie/travel/travel-advice/a-z-list-of-countries/luxembourg/","LU"
"Madagascar","Madagascar","https://www.dfa.ie/ie/taisteal/comhairle-taistil-de-reir-tire/a-z-liosta-na-dtiortha/madagascar/","https://www.dfa.ie/travel/travel-advice/a-z-list-of-countries/madagascar/","MG"
"Maenmar/Burma","Myanmar/Burma","https://www.dfa.ie/ie/taisteal/comhairle-taistil-de-reir-tire/a-z-liosta-na-dtiortha/maenmar-burma/","https://www.dfa.ie/travel/travel-advice/a-z-list-of-countries/myanmar-burma/","MM"
"Mailí","Mali","https://www.dfa.ie/ie/taisteal/comhairle-taistil-de-reir-tire/a-z-liosta-na-dtiortha/maili/","https://www.dfa.ie/travel/travel-advice/a-z-list-of-countries/mali/","ML"
"Maracó","Morocco","https://www.dfa.ie/ie/taisteal/comhairle-taistil-de-reir-tire/a-z-liosta-na-dtiortha/maraco/","https://www.dfa.ie/travel/travel-advice/a-z-list-of-countries/morocco/","MA"
"Martinique","Martinique","https://www.dfa.ie/ie/taisteal/comhairle-taistil-de-reir-tire/a-z-liosta-na-dtiortha/martinique/","https://www.dfa.ie/travel/travel-advice/a-z-list-of-countries/martinique/","MQ"
"Mayotte","Mayotte","https://www.dfa.ie/ie/taisteal/comhairle-taistil-de-reir-tire/a-z-liosta-na-dtiortha/mayotte/","https://www.dfa.ie/travel/travel-advice/a-z-list-of-countries/mayotte/","YT"
"Meicsiceo","Mexico","https://www.dfa.ie/ie/taisteal/comhairle-taistil-de-reir-tire/a-z-liosta-na-dtiortha/meicsiceo/","https://www.dfa.ie/travel/travel-advice/a-z-list-of-countries/mexico/","MX"
"Monacó","Monaco","https://www.dfa.ie/ie/taisteal/comhairle-taistil-de-reir-tire/a-z-liosta-na-dtiortha/monaco/","https://www.dfa.ie/travel/travel-advice/a-z-list-of-countries/monaco/","MC"
"Montainéagró","Montenegro","https://www.dfa.ie/ie/taisteal/comhairle-taistil-de-reir-tire/a-z-liosta-na-dtiortha/montaineagro/","https://www.dfa.ie/travel/travel-advice/a-z-list-of-countries/montenegro/","ME"
"Montsarat","Montserrat","https://www.dfa.ie/ie/taisteal/comhairle-taistil-de-reir-tire/a-z-liosta-na-dtiortha/montsarat/","https://www.dfa.ie/travel/travel-advice/a-z-list-of-countries/montserrat/","MS"
"Málta","Malta","https://www.dfa.ie/ie/taisteal/comhairle-taistil-de-reir-tire/a-z-liosta-na-dtiortha/malta/","https://www.dfa.ie/travel/travel-advice/a-z-list-of-countries/malta/","MT"
"Mósaimbíc","Mozambique","https://www.dfa.ie/ie/taisteal/comhairle-taistil-de-reir-tire/a-z-liosta-na-dtiortha/mosaimbic/","https://www.dfa.ie/travel/travel-advice/a-z-list-of-countries/mozambique/","MZ"
"Na Bahámaí","Bahamas","https://www.dfa.ie/ie/taisteal/comhairle-taistil-de-reir-tire/a-z-liosta-na-dtiortha/na-bahamai/","https://www.dfa.ie/travel/travel-advice/a-z-list-of-countries/bahamas/","BS"
"Na hOileáin Fhilipíneacha","Philippines","https://www.dfa.ie/ie/taisteal/comhairle-taistil-de-reir-tire/a-z-liosta-na-dtiortha/na-hoileain-fhilipineacha/","https://www.dfa.ie/travel/travel-advice/a-z-list-of-countries/the-philippines/","PH"
"Na Séiséil","Seychelles","https://www.dfa.ie/ie/taisteal/comhairle-taistil-de-reir-tire/a-z-liosta-na-dtiortha/na-seiseil/","https://www.dfa.ie/travel/travel-advice/a-z-list-of-countries/seychelles/","SC"
"Neipeal","Nepal","https://www.dfa.ie/ie/taisteal/comhairle-taistil-de-reir-tire/a-z-liosta-na-dtiortha/neipeal/","https://www.dfa.ie/travel/travel-advice/a-z-list-of-countries/nepal/","NP"
"Nicearagua","Nicaragua","https://www.dfa.ie/ie/taisteal/comhairle-taistil-de-reir-tire/a-z-liosta-na-dtiortha/nicearagua/","https://www.dfa.ie/travel/travel-advice/a-z-list-of-countries/nicaragua/","NI"
"Niger","Niger","https://www.dfa.ie/ie/taisteal/comhairle-taistil-de-reir-tire/a-z-liosta-na-dtiortha/niger/","https://www.dfa.ie/travel/travel-advice/a-z-list-of-countries/niger/","NE"
"Nua-Ghuine Phapua","Papua New Guinea","https://www.dfa.ie/ie/taisteal/comhairle-taistil-de-reir-tire/a-z-liosta-na-dtiortha/nua-ghuine-phapua/","https://www.dfa.ie/travel/travel-advice/a-z-list-of-countries/papua-new-guinea/","PG"
"Oileáin Bhriotanacha na Maighdean","Virgin Islands (UK)","https://www.dfa.ie/ie/taisteal/comhairle-taistil-de-reir-tire/a-z-liosta-na-dtiortha/oileain-bhriotanacha-na-maighdean/","https://www.dfa.ie/travel/travel-advice/a-z-list-of-countries/virgin-islands-uk/","VG"
"Oileáin Cayman","Cayman Islands","https://www.dfa.ie/ie/taisteal/comhairle-taistil-de-reir-tire/a-z-liosta-na-dtiortha/oileain-cayman/","https://www.dfa.ie/travel/travel-advice/a-z-list-of-countries/cayman-islands/","KY"
"Oileáin Chomóra","Comoros","https://www.dfa.ie/ie/taisteal/comhairle-taistil-de-reir-tire/a-z-liosta-na-dtiortha/oileain-chomora/","https://www.dfa.ie/travel/travel-advice/a-z-list-of-countries/comoros/","KM"
"Oileáin Mhaighdean na Stát Aontaithe","Virgin Islands (US)","https://www.dfa.ie/ie/taisteal/comhairle-taistil-de-reir-tire/a-z-liosta-na-dtiortha/oileain-mhaighdean-na-stat-aontaithe/","https://www.dfa.ie/travel/travel-advice/a-z-list-of-countries/virgin-islands-us/","VI"
"Oileáin Mhaildíve","Maldives","https://www.dfa.ie/ie/taisteal/comhairle-taistil-de-reir-tire/a-z-liosta-na-dtiortha/oileain-mhaildive/","https://www.dfa.ie/travel/travel-advice/a-z-list-of-countries/maldives/","MV"
"Oileáin na dTurcach agus Caicos","Turks & Caicos Islands","https://www.dfa.ie/ie/taisteal/comhairle-taistil-de-reir-tire/a-z-liosta-na-dtiortha/oileain-na-dturcach-agus-caicos/","https://www.dfa.ie/travel/travel-advice/a-z-list-of-countries/turks-and-caicos-islands/","TC"
"Oileáin Sholomón","Solomon Islands","https://www.dfa.ie/ie/taisteal/comhairle-taistil-de-reir-tire/a-z-liosta-na-dtiortha/oileain-sholomon/","https://www.dfa.ie/travel/travel-advice/a-z-list-of-countries/solomon-islands/","SB"
"Oileán Mhuirís","Mauritius","https://www.dfa.ie/ie/taisteal/comhairle-taistil-de-reir-tire/a-z-liosta-na-dtiortha/oilean-mhuiris/","https://www.dfa.ie/travel/travel-advice/a-z-list-of-countries/mauritius/","MU"
"Oileán na Tríonóide & Tobága","Trinidad & Tobago","https://www.dfa.ie/ie/taisteal/comhairle-taistil-de-reir-tire/a-z-liosta-na-dtiortha/oilean-na-trionoide-tobaga/","https://www.dfa.ie/travel/travel-advice/a-z-list-of-countries/trinidad-and-tobago/","TT"
"Panama","Panama","https://www.dfa.ie/ie/taisteal/comhairle-taistil-de-reir-tire/a-z-liosta-na-dtiortha/panama/","https://www.dfa.ie/travel/travel-advice/a-z-list-of-countries/panama/","PA"
"Paragua","Paraguay","https://www.dfa.ie/ie/taisteal/comhairle-taistil-de-reir-tire/a-z-liosta-na-dtiortha/paragua/","https://www.dfa.ie/travel/travel-advice/a-z-list-of-countries/paraguay/","PY"
"Peiriú","Peru","https://www.dfa.ie/ie/taisteal/comhairle-taistil-de-reir-tire/a-z-liosta-na-dtiortha/peiriu/","https://www.dfa.ie/travel/travel-advice/a-z-list-of-countries/peru/","PE"
"Poblacht Dhaonlathach an Chongo","Congo, Democratic Republic of (DRC)","https://www.dfa.ie/ie/taisteal/comhairle-taistil-de-reir-tire/a-z-liosta-na-dtiortha/poblacht-dhaonlathach-an-chongo/","https://www.dfa.ie/travel/travel-advice/a-z-list-of-countries/democratic-republic-of-congo/","CG"
"Poblacht na hAfraice Láir","Central African Republic","https://www.dfa.ie/ie/taisteal/comhairle-taistil-de-reir-tire/a-z-liosta-na-dtiortha/poblacht-na-hafraice-lair/","https://www.dfa.ie/travel/travel-advice/a-z-list-of-countries/central-african-republic/","CF"
"Poblacht na Macadóine","North Macedonia, Republic of","https://www.dfa.ie/ie/taisteal/comhairle-taistil-de-reir-tire/a-z-liosta-na-dtiortha/poblacht-na-macadoine/","https://www.dfa.ie/travel/travel-advice/a-z-list-of-countries/republic-of-north-macedonia/","MK"
"Poblacht na Seice","Czech Republic","https://www.dfa.ie/ie/taisteal/comhairle-taistil-de-reir-tire/a-z-liosta-na-dtiortha/poblacht-na-seice/","https://www.dfa.ie/travel/travel-advice/a-z-list-of-countries/czech-republic/","CZ"
"Pórtó Ríce","Puerto Rico","https://www.dfa.ie/ie/taisteal/comhairle-taistil-de-reir-tire/a-z-liosta-na-dtiortha/porto-rice/","https://www.dfa.ie/travel/travel-advice/a-z-list-of-countries/puerto-rico/","PR"
"Rinn Verde","Cape Verde","https://www.dfa.ie/ie/taisteal/comhairle-taistil-de-reir-tire/a-z-liosta-na-dtiortha/rinn-verde/","https://www.dfa.ie/travel/travel-advice/a-z-list-of-countries/cape-verde/","CV"
"Ruanda","Rwanda","https://www.dfa.ie/ie/taisteal/comhairle-taistil-de-reir-tire/a-z-liosta-na-dtiortha/ruanda/","https://www.dfa.ie/travel/travel-advice/a-z-list-of-countries/rwanda/","RW"
"Saint Lucia","Saint Lucia","https://www.dfa.ie/ie/taisteal/comhairle-taistil-de-reir-tire/a-z-liosta-na-dtiortha/saint-lucia/","https://www.dfa.ie/travel/travel-advice/a-z-list-of-countries/saint-lucia/","LC"
"Samó","Samoa","https://www.dfa.ie/ie/taisteal/comhairle-taistil-de-reir-tire/a-z-liosta-na-dtiortha/samo/","https://www.dfa.ie/travel/travel-advice/a-z-list-of-countries/samoa/","WS"
"San Críostóir-Nimheas","Saint Kitts and Nevis","https://www.dfa.ie/ie/taisteal/comhairle-taistil-de-reir-tire/a-z-liosta-na-dtiortha/san-criostoir-nimheas/","https://www.dfa.ie/travel/travel-advice/a-z-list-of-countries/saint-kitts-and-nevis/","KN"
"San Uinseann agus na Greanáidíní","Saint Vincent and the Grenadines","https://www.dfa.ie/ie/taisteal/comhairle-taistil-de-reir-tire/a-z-liosta-na-dtiortha/san-uinseann-agus-na-greanaidini/","https://www.dfa.ie/travel/travel-advice/a-z-list-of-countries/saint-vincents-and-grenadines/","VC"
"Sead","Chad","https://www.dfa.ie/ie/taisteal/comhairle-taistil-de-reir-tire/a-z-liosta-na-dtiortha/sead/","https://www.dfa.ie/travel/travel-advice/a-z-list-of-countries/chad/","TD"
"Siarra Leon","Sierra Leone","https://www.dfa.ie/ie/taisteal/comhairle-taistil-de-reir-tire/a-z-liosta-na-dtiortha/siarra-leon/","https://www.dfa.ie/travel/travel-advice/a-z-list-of-countries/sierra-leone/","SL"
"Singeapór","Singapore","https://www.dfa.ie/ie/taisteal/comhairle-taistil-de-reir-tire/a-z-liosta-na-dtiortha/singeapor/","https://www.dfa.ie/travel/travel-advice/a-z-list-of-countries/singapore/","SG"
"Srí Lanca","Sri Lanka","https://www.dfa.ie/ie/taisteal/comhairle-taistil-de-reir-tire/a-z-liosta-na-dtiortha/sri-lanca/","https://www.dfa.ie/travel/travel-advice/a-z-list-of-countries/sri-lanka/","LK"
"Stáit Aontaithe Mheiriceá (SAM)","United States of America (USA)","https://www.dfa.ie/ie/taisteal/comhairle-taistil-de-reir-tire/a-z-liosta-na-dtiortha/stait-aontaithe-mheiricea/","https://www.dfa.ie/travel/travel-advice/a-z-list-of-countries/united-states-of-america/","US"
"Suranam","Suriname","https://www.dfa.ie/ie/taisteal/comhairle-taistil-de-reir-tire/a-z-liosta-na-dtiortha/suranam/","https://www.dfa.ie/travel/travel-advice/a-z-list-of-countries/suriname/","SR"
"São Tomé agus Príncipe","Sao Tome and Principe","https://www.dfa.ie/ie/taisteal/comhairle-taistil-de-reir-tire/a-z-liosta-na-dtiortha/sao-tome-agus-principe/","https://www.dfa.ie/travel/travel-advice/a-z-list-of-countries/sao-tome-and-principe/","ST"
"Tíomór-Leste","Timor Leste","https://www.dfa.ie/ie/taisteal/comhairle-taistil-de-reir-tire/a-z-liosta-na-dtiortha/tiomor-leste/","https://www.dfa.ie/travel/travel-advice/a-z-list-of-countries/timor-leste/","TL"
"Tóga","Togo","https://www.dfa.ie/ie/taisteal/comhairle-taistil-de-reir-tire/a-z-liosta-na-dtiortha/toga/","https://www.dfa.ie/travel/travel-advice/a-z-list-of-countries/togo/","TG"
"Uganda","Uganda","https://www.dfa.ie/ie/taisteal/comhairle-taistil-de-reir-tire/a-z-liosta-na-dtiortha/uganda/","https://www.dfa.ie/travel/travel-advice/a-z-list-of-countries/uganda/","UG"
"Uragua","Uruguay","https://www.dfa.ie/ie/taisteal/comhairle-taistil-de-reir-tire/a-z-liosta-na-dtiortha/uragua/","https://www.dfa.ie/travel/travel-advice/a-z-list-of-countries/uruguay/","UY"
"Veiniséala","Venezuela","https://www.dfa.ie/ie/taisteal/comhairle-taistil-de-reir-tire/a-z-liosta-na-dtiortha/veiniseala/","https://www.dfa.ie/travel/travel-advice/a-z-list-of-countries/venezuela/","VE"
"Vítneam","Vietnam","https://www.dfa.ie/ie/taisteal/comhairle-taistil-de-reir-tire/a-z-liosta-na-dtiortha/vitneam/","https://www.dfa.ie/travel/travel-advice/a-z-list-of-countries/vietnam/","VN"
"Éimin","Yemen","https://www.dfa.ie/ie/taisteal/comhairle-taistil-de-reir-tire/a-z-liosta-na-dtiortha/eimin/","https://www.dfa.ie/travel/travel-advice/a-z-list-of-countries/yemen/","YE"
"Óman","Oman","https://www.dfa.ie/ie/taisteal/comhairle-taistil-de-reir-tire/a-z-liosta-na-dtiortha/oman/","https://www.dfa.ie/travel/travel-advice/a-z-list-of-countries/oman/","OM"
